{"cameraMode":{"drawMode":0,"name":"Shaded","section":"Shading Mode"},"sceneLighting":true,"audioPlay":false,"sceneViewState":{"showFog":true,"showMaterialUpdate":true,"showSkybox":true,"showFlares":true,"showImageEffects":true,"showParticleSystems":true},"in2DMode":false,"pivot":{"x":18.491804122924806,"y":10.09469223022461,"z":11.42068099975586},"rotation":{"x":0.09868967533111572,"y":0.6094796061515808,"z":-0.07682988047599793,"w":0.7828779220581055},"size":69.78170776367188,"orthographic":true}