{"cameraMode":{"drawMode":0,"name":"Shaded","section":"Shading Mode"},"sceneLighting":true,"audioPlay":false,"sceneViewState":{"showFog":true,"showMaterialUpdate":false,"showSkybox":true,"showFlares":true,"showImageEffects":true,"showParticleSystems":true},"in2DMode":false,"pivot":{"x":6.380005836486816,"y":-2.473587989807129,"z":11.537813186645508},"rotation":{"x":0.18095077574253083,"y":0.6604663133621216,"z":-0.16857300698757173,"w":0.708962082862854},"size":26.730070114135743,"orthographic":true}