{"cameraMode":{"drawMode":0,"name":"Shaded","section":"Shading Mode"},"sceneLighting":false,"audioPlay":false,"sceneViewState":{"showFog":true,"showMaterialUpdate":false,"showSkybox":false,"showFlares":true,"showImageEffects":true,"showParticleSystems":true},"in2DMode":false,"pivot":{"x":10.17602252960205,"y":-0.35428595542907717,"z":0.37669920921325686},"rotation":{"x":0.06360705941915512,"y":0.08788960427045822,"z":-0.005623204633593559,"w":0.9940956830978394},"size":8.15416431427002,"orthographic":true}