{"cameraMode":{"drawMode":0,"name":"Shaded","section":"Shading Mode"},"sceneLighting":false,"audioPlay":false,"sceneViewState":{"showFog":true,"showMaterialUpdate":false,"showSkybox":false,"showFlares":true,"showImageEffects":true,"showParticleSystems":true},"in2DMode":false,"pivot":{"x":2.726207733154297,"y":22.267574310302736,"z":-21.692853927612306},"rotation":{"x":-0.07466679066419602,"y":0.40722236037254336,"z":-0.033424776047468188,"w":-0.9096633195877075},"size":2.048081398010254,"orthographic":true}