{"cameraMode":{"drawMode":0,"name":"Shaded","section":"Shading Mode"},"sceneLighting":true,"audioPlay":false,"sceneViewState":{"showFog":true,"showMaterialUpdate":true,"showSkybox":true,"showFlares":true,"showImageEffects":true,"showParticleSystems":true},"in2DMode":false,"pivot":{"x":3.018808364868164,"y":-12.95022964477539,"z":-3.1939353942871095},"rotation":{"x":-0.10320065170526505,"y":-0.5871860980987549,"z":0.07580294460058212,"w":-0.7992867231369019},"size":60.909236907958987,"orthographic":true}