{"cameraMode":{"drawMode":0,"name":"Shaded","section":"Shading Mode"},"sceneLighting":false,"audioPlay":false,"sceneViewState":{"showFog":true,"showMaterialUpdate":false,"showSkybox":false,"showFlares":true,"showImageEffects":true,"showParticleSystems":true},"in2DMode":false,"pivot":{"x":-1.3314845561981202,"y":2.912546396255493,"z":2.285958766937256},"rotation":{"x":-0.013140659779310227,"y":0.7185713648796082,"z":-0.01357986219227314,"w":-0.6952245831489563},"size":9.728830337524414,"orthographic":true}