{"cameraMode":{"drawMode":0,"name":"Shaded","section":"Shading Mode"},"sceneLighting":false,"audioPlay":false,"sceneViewState":{"showFog":true,"showMaterialUpdate":false,"showSkybox":false,"showFlares":true,"showImageEffects":true,"showParticleSystems":true},"in2DMode":false,"pivot":{"x":2.726207733154297,"y":22.267574310302736,"z":-21.692853927612306},"rotation":{"x":0.007743020076304674,"y":0.7165535688400269,"z":0.007955849170684815,"w":-0.6974489092826843},"size":2.048081398010254,"orthographic":true}