{"cameraMode":{"drawMode":0,"name":"Shaded","section":"Shading Mode"},"sceneLighting":true,"audioPlay":false,"sceneViewState":{"showFog":true,"showMaterialUpdate":true,"showSkybox":true,"showFlares":true,"showImageEffects":true,"showParticleSystems":true},"in2DMode":false,"pivot":{"x":4.241804122924805,"y":22.23531723022461,"z":8.29568099975586},"rotation":{"x":-0.09912316501140595,"y":0.8728556632995606,"z":-0.19922423362731934,"w":-0.434309720993042},"size":63.49374771118164,"orthographic":true}