{"cameraMode":{"drawMode":0,"name":"Shaded","section":"Shading Mode"},"sceneLighting":false,"audioPlay":false,"sceneViewState":{"showFog":true,"showMaterialUpdate":true,"showSkybox":false,"showFlares":true,"showImageEffects":true,"showParticleSystems":true},"in2DMode":false,"pivot":{"x":11.699999809265137,"y":2.912546396255493,"z":2.285958766937256},"rotation":{"x":0.2594747841358185,"y":-0.4390982985496521,"z":0.13410581648349763,"w":0.8496518135070801},"size":9.728830337524414,"orthographic":true}