{"cameraMode":{"drawMode":0,"name":"Shaded","section":"Shading Mode"},"sceneLighting":true,"audioPlay":false,"sceneViewState":{"showFog":true,"showMaterialUpdate":false,"showSkybox":true,"showFlares":true,"showImageEffects":true,"showParticleSystems":true},"in2DMode":false,"pivot":{"x":0.28999996185302737,"y":0.9300000667572022,"z":-5.031999588012695},"rotation":{"x":0.00891040451824665,"y":0.9366450309753418,"z":-0.3493514955043793,"w":0.023889629170298578},"size":14.947311401367188,"orthographic":false}