{"cameraMode":{"drawMode":0,"name":"Shaded","section":"Shading Mode"},"sceneLighting":false,"audioPlay":false,"sceneViewState":{"showFog":true,"showMaterialUpdate":false,"showSkybox":false,"showFlares":true,"showImageEffects":true,"showParticleSystems":true},"in2DMode":false,"pivot":{"x":-0.11072266101837158,"y":0.7240720987319946,"z":1.2839537858963013},"rotation":{"x":-0.0004303254245314747,"y":0.7083796858787537,"z":0.00042164447950199246,"w":0.7058563232421875},"size":8.423585891723633,"orthographic":true}