{"cameraMode":{"drawMode":0,"name":"Shaded","section":"Shading Mode"},"sceneLighting":true,"audioPlay":false,"sceneViewState":{"showFog":true,"showMaterialUpdate":false,"showSkybox":true,"showFlares":true,"showImageEffects":true,"showParticleSystems":true},"in2DMode":false,"pivot":{"x":-1.408966064453125,"y":0.5514640808105469,"z":1.8305301666259766},"rotation":{"x":-0.2248631715774536,"y":0.2908289134502411,"z":-0.07052842527627945,"w":-0.9273176789283752},"size":33.59004211425781,"orthographic":true}