{"cameraMode":{"drawMode":0,"name":"Shaded","section":"Shading Mode"},"sceneLighting":true,"audioPlay":false,"sceneViewState":{"showFog":true,"showMaterialUpdate":true,"showSkybox":true,"showFlares":true,"showImageEffects":true,"showParticleSystems":true},"in2DMode":false,"pivot":{"x":2.6421871185302736,"y":0.021249771118164064,"z":1.2116203308105469},"rotation":{"x":0.2594747841358185,"y":-0.4390982985496521,"z":0.13410581648349763,"w":0.8496518135070801},"size":66.62345123291016,"orthographic":true}