{"cameraMode":{"drawMode":0,"name":"Shaded","section":"Shading Mode"},"sceneLighting":true,"audioPlay":false,"sceneViewState":{"showFog":true,"showMaterialUpdate":false,"showSkybox":true,"showFlares":true,"showImageEffects":true,"showParticleSystems":true},"in2DMode":false,"pivot":{"x":1.638946533203125,"y":16.079395294189454,"z":-14.083459854125977},"rotation":{"x":0.1789313107728958,"y":-0.6767681837081909,"z":0.17489811778068543,"w":0.692374050617218},"size":68.8689193725586,"orthographic":true}