{"cameraMode":{"drawMode":0,"name":"Shaded","section":"Shading Mode"},"sceneLighting":true,"audioPlay":false,"sceneViewState":{"showFog":true,"showMaterialUpdate":false,"showSkybox":true,"showFlares":true,"showImageEffects":true,"showParticleSystems":true},"in2DMode":false,"pivot":{"x":2.6592941284179689,"y":16.82339859008789,"z":-26.05139923095703},"rotation":{"x":-0.12059670686721802,"y":-0.011010050773620606,"z":0.0013374503469094635,"w":-0.9926435947418213},"size":57.3420524597168,"orthographic":true}