{"cameraMode":{"drawMode":0,"name":"Shaded","section":"Shading Mode"},"sceneLighting":true,"audioPlay":false,"sceneViewState":{"showFog":true,"showMaterialUpdate":false,"showSkybox":true,"showFlares":true,"showImageEffects":true,"showParticleSystems":true},"in2DMode":false,"pivot":{"x":0.28999996185302737,"y":0.9300000667572022,"z":-5.031999588012695},"rotation":{"x":0.14227023720741273,"y":0.6770921349525452,"z":-0.13584384322166444,"w":0.709121823310852},"size":18.47734832763672,"orthographic":false}