{"cameraMode":{"drawMode":0,"name":"Shaded","section":"Shading Mode"},"sceneLighting":true,"audioPlay":false,"sceneViewState":{"showFog":true,"showMaterialUpdate":true,"showSkybox":true,"showFlares":true,"showImageEffects":true,"showParticleSystems":true},"in2DMode":false,"pivot":{"x":15.551727294921875,"y":29.789257049560548,"z":28.033166885375978},"rotation":{"x":0.18937593698501588,"y":-0.8088824152946472,"z":0.4220403730869293,"w":0.36297398805618288},"size":67.08020782470703,"orthographic":true}